{"cameraMode":{"drawMode":0,"name":"Shaded","section":"Shading Mode"},"sceneLighting":false,"audioPlay":false,"sceneViewState":{"showFog":true,"showMaterialUpdate":false,"showSkybox":true,"showFlares":true,"showImageEffects":true,"showParticleSystems":true},"in2DMode":false,"pivot":{"x":-0.010873794555664063,"y":1.9905983209609986,"z":-0.4674654006958008},"rotation":{"x":0.2678530514240265,"y":0.5839400291442871,"z":-0.2124258279800415,"w":0.7363044023513794},"size":17.12119483947754,"orthographic":false}