{"cameraMode":{"drawMode":0,"name":"Shaded","section":"Shading Mode"},"sceneLighting":false,"audioPlay":false,"sceneViewState":{"showFog":true,"showMaterialUpdate":false,"showSkybox":true,"showFlares":true,"showImageEffects":true,"showParticleSystems":true},"in2DMode":false,"pivot":{"x":-0.04930350184440613,"y":0.1375250220298767,"z":0.010645002126693726},"rotation":{"x":-0.4391492009162903,"y":-0.38038474321365359,"z":0.21262125670909882,"w":-0.7856511473655701},"size":1.0737580060958863,"orthographic":true}