{"cameraMode":{"drawMode":0,"name":"Shaded","section":"Shading Mode"},"sceneLighting":false,"audioPlay":false,"sceneViewState":{"showFog":true,"showMaterialUpdate":false,"showSkybox":true,"showFlares":true,"showImageEffects":true,"showParticleSystems":true},"in2DMode":false,"pivot":{"x":-29.321407318115236,"y":2.9367735385894777,"z":-66.66158294677735},"rotation":{"x":0.2678530514240265,"y":0.5839400291442871,"z":-0.2124258279800415,"w":0.7363044023513794},"size":17.105737686157228,"orthographic":false}