{"cameraMode":{"drawMode":0,"name":"Shaded","section":"Shading Mode"},"sceneLighting":false,"audioPlay":false,"sceneViewState":{"showFog":true,"showMaterialUpdate":false,"showSkybox":true,"showFlares":true,"showImageEffects":true,"showParticleSystems":true},"in2DMode":false,"pivot":{"x":0.0,"y":0.6476480960845947,"z":0.0039806365966796879},"rotation":{"x":0.4167552590370178,"y":-0.00954460259526968,"z":0.004375508986413479,"w":0.9089581370353699},"size":18.445453643798829,"orthographic":false}