{"cameraMode":{"drawMode":0,"name":"Shaded","section":"Shading Mode"},"sceneLighting":false,"audioPlay":false,"sceneViewState":{"showFog":true,"showMaterialUpdate":false,"showSkybox":true,"showFlares":true,"showImageEffects":true,"showParticleSystems":true},"in2DMode":false,"pivot":{"x":-1.7881393432617188e-7,"y":-2.9802322387695315e-8,"z":0.0},"rotation":{"x":0.07725274562835694,"y":-0.04186194762587547,"z":0.003246483625844121,"w":0.9961270093917847},"size":1.7994884252548218,"orthographic":true}