{"cameraMode":{"drawMode":0,"name":"Shaded","section":"Shading Mode"},"sceneLighting":false,"audioPlay":false,"sceneViewState":{"showFog":true,"showMaterialUpdate":false,"showSkybox":true,"showFlares":true,"showImageEffects":true,"showParticleSystems":true},"in2DMode":false,"pivot":{"x":-27.779619216918947,"y":1.5387871265411378,"z":-72.95394134521485},"rotation":{"x":-0.3665558099746704,"y":-0.0050269742496311668,"z":0.001980455359444022,"w":-0.9303804636001587},"size":6.6936798095703129,"orthographic":false}