{"cameraMode":{"drawMode":0,"name":"Shaded","section":"Shading Mode"},"sceneLighting":false,"audioPlay":false,"sceneViewState":{"showFog":true,"showMaterialUpdate":false,"showSkybox":true,"showFlares":true,"showImageEffects":true,"showParticleSystems":true},"in2DMode":false,"pivot":{"x":-32.64024353027344,"y":1.5913355350494385,"z":-73.01609802246094},"rotation":{"x":0.2678530514240265,"y":0.5839400291442871,"z":-0.2124258279800415,"w":0.7363044023513794},"size":7.08485746383667,"orthographic":false}