{"cameraMode":{"drawMode":0,"name":"Shaded","section":"Shading Mode"},"sceneLighting":false,"audioPlay":false,"sceneViewState":{"showFog":true,"showMaterialUpdate":false,"showSkybox":true,"showFlares":true,"showImageEffects":true,"showParticleSystems":true},"in2DMode":false,"pivot":{"x":-0.16174030303955079,"y":1.0634485483169556,"z":-1.8862435817718506},"rotation":{"x":0.08983028680086136,"y":-0.7259055972099304,"z":0.09659948945045471,"w":0.6750259399414063},"size":4.5509161949157719,"orthographic":true}