{"cameraMode":{"drawMode":0,"name":"Shaded","section":"Shading Mode"},"sceneLighting":false,"audioPlay":false,"sceneViewState":{"showFog":true,"showMaterialUpdate":false,"showSkybox":true,"showFlares":true,"showImageEffects":true,"showParticleSystems":true},"in2DMode":false,"pivot":{"x":-20.728557586669923,"y":1.679457187652588,"z":-66.35209655761719},"rotation":{"x":0.2678530514240265,"y":0.5839400291442871,"z":-0.2124258279800415,"w":0.7363044023513794},"size":8.697155952453614,"orthographic":false}