{"cameraMode":{"drawMode":0,"name":"Shaded","section":"Shading Mode"},"sceneLighting":false,"audioPlay":false,"sceneViewState":{"showFog":true,"showMaterialUpdate":false,"showSkybox":true,"showFlares":true,"showImageEffects":true,"showParticleSystems":true},"in2DMode":false,"pivot":{"x":-29.610572814941408,"y":1.3481425046920777,"z":-53.07476806640625},"rotation":{"x":-0.3665558099746704,"y":-0.0050269742496311668,"z":0.001980455359444022,"w":-0.9303804636001587},"size":8.153857231140137,"orthographic":false}