{"cameraMode":{"drawMode":0,"name":"Shaded","section":"Shading Mode"},"sceneLighting":false,"audioPlay":false,"sceneViewState":{"showFog":true,"showMaterialUpdate":false,"showSkybox":true,"showFlares":true,"showImageEffects":true,"showParticleSystems":true},"in2DMode":false,"pivot":{"x":-29.183486938476564,"y":1.2606375217437745,"z":-59.335350036621097},"rotation":{"x":-0.05694626271724701,"y":-0.5677272081375122,"z":0.03941197693347931,"w":-0.8202985525131226},"size":5.3919172286987309,"orthographic":false}