{"cameraMode":{"drawMode":0,"name":"Shaded","section":"Shading Mode"},"sceneLighting":true,"audioPlay":false,"sceneViewState":{"showFog":true,"showMaterialUpdate":false,"showSkybox":true,"showFlares":true,"showImageEffects":true,"showParticleSystems":true},"in2DMode":false,"pivot":{"x":38.7038688659668,"y":25.947858810424806,"z":-60.80570602416992},"rotation":{"x":0.13791553676128388,"y":0.3580963909626007,"z":-0.05357178673148155,"w":0.9218874573707581},"size":66.11956787109375,"orthographic":true}