{"cameraMode":{"drawMode":0,"name":"Shaded","section":"Shading Mode"},"sceneLighting":true,"audioPlay":false,"sceneViewState":{"showFog":true,"showMaterialUpdate":false,"showSkybox":true,"showFlares":true,"showImageEffects":true,"showParticleSystems":true},"in2DMode":false,"pivot":{"x":118.25160217285156,"y":5.8989715576171879,"z":36.16672897338867},"rotation":{"x":0.10768025368452072,"y":0.8428374528884888,"z":-0.18361343443393708,"w":0.4942835867404938},"size":34.97989273071289,"orthographic":true}