{"cameraMode":{"drawMode":0,"name":"Shaded","section":"Shading Mode"},"sceneLighting":false,"audioPlay":false,"sceneViewState":{"showFog":true,"showMaterialUpdate":false,"showSkybox":true,"showFlares":true,"showImageEffects":true,"showParticleSystems":true},"in2DMode":false,"pivot":{"x":-32.008148193359378,"y":1.5447986125946046,"z":-74.68585968017578},"rotation":{"x":-0.3665558099746704,"y":-0.0050269742496311668,"z":0.001980455359444022,"w":-0.9303804636001587},"size":6.6936821937561039,"orthographic":false}