{"cameraMode":{"drawMode":0,"name":"Shaded","section":"Shading Mode"},"sceneLighting":false,"audioPlay":false,"sceneViewState":{"showFog":true,"showMaterialUpdate":false,"showSkybox":true,"showFlares":true,"showImageEffects":true,"showParticleSystems":true},"in2DMode":false,"pivot":{"x":-31.725631713867189,"y":1.1444861888885499,"z":-73.37753295898438},"rotation":{"x":-0.3665558099746704,"y":-0.0050269742496311668,"z":0.001980455359444022,"w":-0.9303804636001587},"size":6.693681716918945,"orthographic":false}