{"cameraMode":{"drawMode":0,"name":"Shaded","section":"Shading Mode"},"sceneLighting":false,"audioPlay":false,"sceneViewState":{"showFog":true,"showMaterialUpdate":false,"showSkybox":true,"showFlares":true,"showImageEffects":true,"showParticleSystems":true},"in2DMode":false,"pivot":{"x":-17.04049301147461,"y":1.675675868988037,"z":-78.03253173828125},"rotation":{"x":0.2678530514240265,"y":0.5839400291442871,"z":-0.2124258279800415,"w":0.7363044023513794},"size":10.697437286376954,"orthographic":false}