{"cameraMode":{"drawMode":0,"name":"Shaded","section":"Shading Mode"},"sceneLighting":true,"audioPlay":false,"sceneViewState":{"showFog":true,"showMaterialUpdate":false,"showSkybox":true,"showFlares":true,"showImageEffects":true,"showParticleSystems":true},"in2DMode":false,"pivot":{"x":-150.04104614257813,"y":-123.3294677734375,"z":-287.111083984375},"rotation":{"x":0.13405518233776093,"y":-0.7950183153152466,"z":0.19025975465774537,"w":0.5601573586463928},"size":465.51605224609377,"orthographic":true}