{"cameraMode":{"drawMode":0,"name":"Shaded","section":"Shading Mode"},"sceneLighting":false,"audioPlay":false,"sceneViewState":{"showFog":true,"showMaterialUpdate":false,"showSkybox":true,"showFlares":true,"showImageEffects":true,"showParticleSystems":true},"in2DMode":false,"pivot":{"x":-36.28892135620117,"y":1.4774287939071656,"z":-91.1667251586914},"rotation":{"x":-0.3665558099746704,"y":-0.0050269742496311668,"z":0.001980455359444022,"w":-0.9303804636001587},"size":10.695257186889649,"orthographic":false}